Decimal_Year,Month,MSL (ft)
1930.75,10.00,1.378
1930.83,11.00,0.866
1930.92,12.00,0.997
1931.00,1.00,0.915
1931.08,2.00,0.885
1931.17,3.00,1.417
1931.25,4.00,0.866
1931.33,5.00,1.086
1931.42,6.00,1.368
1931.50,7.00,1.378
1931.58,8.00,1.325
1931.67,9.00,1.358
1931.75,10.00,1.305
1931.83,11.00,0.997
1931.92,12.00,0.948
1932.00,1.00,1.095
1932.08,2.00,1.138
1932.17,3.00,1.056
1932.25,4.00,1.027
1932.33,5.00,0.967
1932.42,6.00,1.246
1932.50,7.00,1.368
1932.58,8.00,1.296
1932.67,9.00,1.446
1932.75,10.00,1.207
1932.83,11.00,1.378
1932.92,12.00,1.086
1933.00,1.00,1.305
1933.08,2.00,0.948
1933.17,3.00,1.066
1933.25,4.00,1.197
1933.33,5.00,1.276
1933.42,6.00,1.407
1933.50,7.00,1.417
1933.58,8.00,1.446
1933.67,9.00,1.515
1933.75,10.00,1.325
1933.83,11.00,1.187
1933.92,12.00,1.056
1934.00,1.00,0.915
1934.08,2.00,0.646
1934.17,3.00,0.728
1934.25,4.00,1.086
1934.33,5.00,1.036
1934.42,6.00,1.446
1934.50,7.00,1.246
1934.58,8.00,1.217
1934.67,9.00,1.305
1934.75,10.00,1.305
1934.83,11.00,1.046
1934.92,12.00,0.967
1935.00,1.00,1.007
1935.08,2.00,0.817
1935.17,3.00,0.958
1935.25,4.00,1.296
1935.33,5.00,1.138
1935.42,6.00,1.338
1935.50,7.00,1.276
1935.58,8.00,1.325
1935.67,9.00,1.305
1935.75,10.00,1.237
1935.83,11.00,1.568
1935.92,12.00,1.177
1936.00,1.00,0.997
1936.08,2.00,0.967
1936.17,3.00,1.148
1936.25,4.00,1.066
1936.33,5.00,1.086
1936.42,6.00,1.276
1936.50,7.00,1.437
1936.58,8.00,1.286
1936.67,9.00,1.348
1936.75,10.00,1.358
1936.83,11.00,1.066
1936.92,12.00,0.948
1937.00,1.00,1.007
1937.08,2.00,1.358
1937.17,3.00,0.967
1937.25,4.00,1.237
1937.33,5.00,1.246
1937.42,6.00,1.338
1937.50,7.00,1.417
1937.58,8.00,1.296
1937.67,9.00,1.417
1937.75,10.00,1.368
1937.83,11.00,1.266
1937.92,12.00,1.177
1938.00,1.00,1.305
1938.08,2.00,1.197
1938.17,3.00,1.217
1938.25,4.00,1.086
1938.33,5.00,1.348
1938.42,6.00,1.296
1938.50,7.00,1.325
1938.58,8.00,1.446
1938.67,9.00,1.378
1938.75,10.00,1.578
1938.83,11.00,1.276
1938.92,12.00,1.177
1939.00,1.00,1.036
1939.08,2.00,1.056
1939.17,3.00,1.148
1939.25,4.00,1.315
1939.33,5.00,1.338
1939.42,6.00,1.427
1939.50,7.00,1.446
1939.58,8.00,1.486
1939.67,9.00,1.515
1939.75,10.00,1.397
1939.83,11.00,1.217
1939.92,12.00,1.207
1940.00,1.00,1.076
1940.08,2.00,1.437
1940.17,3.00,1.115
1940.25,4.00,1.217
1940.33,5.00,1.456
1940.42,6.00,1.446
1940.50,7.00,1.387
1940.58,8.00,1.348
1940.67,9.00,1.446
1940.75,10.00,1.496
1940.83,11.00,1.256
1940.92,12.00,1.246
1941.00,1.00,1.315
1941.08,2.00,1.125
1941.17,3.00,1.007
1941.25,4.00,1.227
1941.33,5.00,1.315
1941.42,6.00,1.427
1941.50,7.00,1.476
1941.58,8.00,1.476
1941.67,9.00,1.397
1941.75,10.00,1.358
1941.83,11.00,1.246
1941.92,12.00,1.177
1942.00,1.00,1.105
1942.08,2.00,1.177
1942.17,3.00,1.348
1942.25,4.00,1.348
1942.33,5.00,1.315
1942.42,6.00,1.548
1942.50,7.00,1.558
1942.58,8.00,1.466
1942.67,9.00,1.617
1942.75,10.00,1.486
1942.83,11.00,1.427
1942.92,12.00,1.148
1943.00,1.00,1.046
1943.08,2.00,1.138
1943.17,3.00,1.007
1943.25,4.00,1.125
1943.33,5.00,1.207
1943.42,6.00,1.446
1943.50,7.00,1.427
1943.58,8.00,1.588
1943.67,9.00,1.506
1943.75,10.00,1.656
1943.83,11.00,1.437
1943.92,12.00,0.987
1944.00,1.00,1.056
1944.08,2.00,1.046
1944.17,3.00,1.148
1944.25,4.00,1.246
1944.33,5.00,1.177
1944.42,6.00,1.515
1944.50,7.00,1.476
1944.58,8.00,1.506
1944.67,9.00,1.535
1944.75,10.00,1.515
1944.83,11.00,1.788
1944.92,12.00,1.105
1945.00,1.00,1.056
1945.08,2.00,1.086
1945.17,3.00,1.246
1945.25,4.00,1.246
1945.33,5.00,1.496
1945.42,6.00,1.476
1945.50,7.00,1.496
1945.58,8.00,1.476
1945.67,9.00,1.525
1945.75,10.00,1.558
1945.83,11.00,1.627
1945.92,12.00,1.647
1946.00,1.00,1.217
1946.08,2.00,1.115
1946.17,3.00,1.305
1946.25,4.00,1.466
1946.33,5.00,1.407
1946.42,6.00,1.437
1946.50,7.00,1.427
1946.58,8.00,1.647
1946.67,9.00,1.506
1946.75,10.00,1.607
1946.83,11.00,1.446
1946.92,12.00,1.105
1947.00,1.00,1.125
1947.08,2.00,1.125
1947.17,3.00,1.348
1947.25,4.00,1.266
1947.33,5.00,1.417
1947.42,6.00,1.578
1947.50,7.00,1.525
1947.58,8.00,1.515
1947.67,9.00,1.466
1947.75,10.00,1.407
1947.83,11.00,1.798
1947.92,12.00,1.105
1948.00,1.00,1.125
1948.08,2.00,1.187
1948.17,3.00,1.315
1948.25,4.00,1.197
1948.33,5.00,1.466
1948.42,6.00,1.607
1948.50,7.00,1.637
1948.58,8.00,1.597
1948.67,9.00,1.535
1948.75,10.00,1.686
1948.83,11.00,1.515
1948.92,12.00,1.597
1949.00,1.00,1.286
1949.08,2.00,1.305
1949.17,3.00,1.095
1949.25,4.00,1.378
1949.33,5.00,1.378
1949.42,6.00,1.348
1949.50,7.00,1.486
1949.58,8.00,1.568
1949.67,9.00,1.486
1949.75,10.00,1.535
1949.83,11.00,1.506
1949.92,12.00,0.915
1950.00,1.00,1.056
1950.08,2.00,1.158
1950.17,3.00,0.846
1950.25,4.00,1.168
1950.33,5.00,1.066
1950.42,6.00,1.207
1950.50,7.00,1.305
1950.58,8.00,1.427
1950.67,9.00,1.568
1950.75,10.00,1.525
1950.83,11.00,1.627
1950.92,12.00,1.456
1951.00,1.00,1.217
1951.08,2.00,1.168
1951.17,3.00,1.578
1951.25,4.00,1.397
1951.33,5.00,1.525
1951.42,6.00,1.656
1951.50,7.00,1.506
1951.58,8.00,1.656
1951.67,9.00,1.535
1951.75,10.00,1.588
1951.83,11.00,1.476
1951.92,12.00,1.217
1952.00,1.00,1.296
1952.08,2.00,1.305
1952.17,3.00,1.378
1952.25,4.00,1.315
1952.33,5.00,1.627
1952.42,6.00,1.525
1952.50,7.00,1.427
1952.58,8.00,1.515
1952.67,9.00,1.568
1952.75,10.00,1.407
1952.83,11.00,1.506
1952.92,12.00,1.568
1953.00,1.00,1.597
1953.08,2.00,1.177
1953.17,3.00,1.397
1953.25,4.00,1.476
1953.33,5.00,1.637
1953.42,6.00,1.506
1953.50,7.00,1.496
1953.58,8.00,1.568
1953.67,9.00,1.607
1953.75,10.00,1.588
1953.83,11.00,1.588
1953.92,12.00,1.296
1954.00,1.00,1.358
1954.08,2.00,1.325
1954.17,3.00,1.256
1954.25,4.00,1.227
1954.33,5.00,1.637
1954.42,6.00,1.627
1954.50,7.00,1.627
1954.58,8.00,1.588
1955.50,7.00,1.578
1955.58,8.00,1.656
1955.67,9.00,1.515
1955.75,10.00,1.798
1955.83,11.00,1.578
1955.92,12.00,1.125
1956.00,1.00,1.525
1956.08,2.00,1.168
1956.17,3.00,1.368
1956.25,4.00,1.506
1956.33,5.00,1.315
1956.42,6.00,1.535
1956.50,7.00,1.607
1956.58,8.00,1.725
1956.67,9.00,1.666
1956.75,10.00,1.578
1956.83,11.00,1.515
1956.92,12.00,1.348
1957.00,1.00,1.076
1957.08,2.00,1.256
1957.17,3.00,1.506
1957.25,4.00,1.115
1957.33,5.00,1.456
1957.42,6.00,1.496
1957.50,7.00,1.597
1957.58,8.00,1.506
1957.67,9.00,1.506
1957.75,10.00,1.617
1957.83,11.00,1.476
1957.92,12.00,1.296
1958.00,1.00,1.588
1958.08,2.00,1.437
1958.17,3.00,1.837
1958.25,4.00,1.617
1958.33,5.00,1.407
1958.42,6.00,1.558
1958.50,7.00,1.637
1958.58,8.00,1.656
1958.67,9.00,1.706
1958.75,10.00,1.817
1958.83,11.00,1.588
1958.92,12.00,1.266
1959.00,1.00,1.177
1959.08,2.00,1.017
1959.17,3.00,1.227
1959.25,4.00,1.387
1959.33,5.00,1.227
1959.42,6.00,1.568
1959.50,7.00,1.378
1959.58,8.00,1.637
1959.67,9.00,1.548
1959.75,10.00,1.647
1959.83,11.00,1.446
1959.92,12.00,1.486
1960.00,1.00,1.456
1960.08,2.00,1.486
1960.17,3.00,1.548
1960.25,4.00,1.525
1960.33,5.00,1.725
1960.42,6.00,1.706
1960.50,7.00,1.676
1960.58,8.00,1.696
1960.67,9.00,1.666
1960.75,10.00,1.706
1960.83,11.00,1.486
1960.92,12.00,1.256
1961.00,1.00,1.256
1961.08,2.00,1.456
1961.17,3.00,1.597
1961.25,4.00,1.696
1961.33,5.00,1.437
1961.42,6.00,1.506
1961.50,7.00,1.607
1961.58,8.00,1.486
1961.67,9.00,1.666
1961.75,10.00,1.735
1961.83,11.00,1.515
1961.92,12.00,1.358
1962.00,1.00,1.095
1962.08,2.00,1.427
1962.17,3.00,1.676
1962.25,4.00,1.276
1962.33,5.00,1.407
1962.42,6.00,1.535
1962.50,7.00,1.656
1962.58,8.00,1.656
1962.67,9.00,1.597
1962.75,10.00,1.758
1962.83,11.00,1.706
1962.92,12.00,1.387
1963.00,1.00,1.266
1963.08,2.00,0.948
1963.17,3.00,1.358
1963.25,4.00,1.486
1963.33,5.00,1.315
1963.42,6.00,1.525
1963.50,7.00,1.568
1963.58,8.00,1.515
1963.67,9.00,1.578
1963.75,10.00,1.496
1963.83,11.00,1.735
1963.92,12.00,1.246
1964.00,1.00,1.296
1964.08,2.00,1.217
1964.17,3.00,1.338
1964.25,4.00,1.086
1964.33,5.00,1.348
1964.42,6.00,1.417
1964.50,7.00,1.515
1964.58,8.00,1.548
1964.67,9.00,1.558
1964.75,10.00,1.558
1964.83,11.00,1.588
1964.92,12.00,1.286
1965.00,1.00,1.368
1965.08,2.00,1.325
1965.17,3.00,1.276
1965.25,4.00,1.456
1965.33,5.00,1.427
1965.42,6.00,1.486
1965.50,7.00,1.466
1965.58,8.00,1.407
1965.67,9.00,1.506
1965.75,10.00,1.578
1965.83,11.00,1.548
1965.92,12.00,1.378
1966.00,1.00,1.476
1966.08,2.00,1.286
1966.17,3.00,1.348
1966.25,4.00,1.348
1966.33,5.00,1.348
1966.42,6.00,1.417
1966.50,7.00,1.548
1966.67,9.00,1.758
1966.75,10.00,1.417
1966.83,11.00,1.617
1966.92,12.00,1.368
1967.00,1.00,1.387
1967.08,2.00,1.286
1967.17,3.00,1.315
1967.25,4.00,1.506
1967.33,5.00,1.607
1967.42,6.00,1.548
1967.50,7.00,1.597
1967.58,8.00,1.588
1967.67,9.00,1.607
1967.75,10.00,1.578
1967.83,11.00,1.446
1967.92,12.00,1.558
1968.00,1.00,1.115
1968.08,2.00,1.246
1968.17,3.00,1.256
1968.25,4.00,1.217
1968.33,5.00,1.666
1968.42,6.00,1.758
1968.50,7.00,1.588
1968.58,8.00,1.666
1968.67,9.00,1.456
1968.75,10.00,1.548
1968.83,11.00,1.716
1968.92,12.00,1.296
1969.00,1.00,1.237
1969.08,2.00,1.496
1969.17,3.00,1.456
1969.25,4.00,1.407
1969.33,5.00,1.466
1969.42,6.00,1.666
1969.50,7.00,1.686
1969.58,8.00,1.768
1969.67,9.00,1.827
1969.75,10.00,1.817
1969.83,11.00,1.857
1969.92,12.00,1.716
1970.00,1.00,1.466
1970.08,2.00,1.486
1970.17,3.00,1.427
1970.25,4.00,1.548
1970.33,5.00,1.437
1970.42,6.00,1.656
1970.50,7.00,1.676
1970.58,8.00,1.778
1970.67,9.00,1.706
1970.75,10.00,1.725
1970.83,11.00,1.886
1970.92,12.00,1.788
1971.00,1.00,1.588
1971.08,2.00,1.486
1971.17,3.00,1.548
1971.25,4.00,1.627
1971.33,5.00,1.656
1971.42,6.00,1.686
1971.50,7.00,1.627
1971.58,8.00,1.647
1971.67,9.00,1.706
1971.75,10.00,1.827
1971.83,11.00,1.866
1971.92,12.00,1.387
1972.00,1.00,1.348
1972.08,2.00,1.417
1972.17,3.00,1.578
1972.25,4.00,1.597
1972.33,5.00,1.758
1972.42,6.00,1.935
1972.50,7.00,1.817
1972.58,8.00,1.788
1972.67,9.00,1.916
1972.75,10.00,1.716
1972.83,11.00,1.978
1972.92,12.00,1.788
1973.00,1.00,1.578
1973.08,2.00,1.588
1973.17,3.00,1.686
1973.25,4.00,1.706
1973.33,5.00,1.755
1973.42,6.00,1.637
1973.50,7.00,1.788
1973.58,8.00,1.798
1973.67,9.00,1.817
1973.75,10.00,1.725
1973.83,11.00,1.466
1973.92,12.00,1.466
1974.00,1.00,1.535
1974.08,2.00,1.486
1974.17,3.00,1.325
1974.25,4.00,1.446
1974.33,5.00,1.578
1974.42,6.00,1.656
1974.50,7.00,1.768
1974.58,8.00,1.627
1974.67,9.00,1.745
1974.75,10.00,1.427
1974.83,11.00,1.617
1974.92,12.00,1.558
1975.00,1.00,1.368
1975.08,2.00,1.368
1975.17,3.00,1.446
1975.25,4.00,1.466
1975.33,5.00,1.607
1975.42,6.00,1.627
1975.50,7.00,1.706
1975.58,8.00,1.745
1975.67,9.00,1.637
1975.75,10.00,1.847
1975.83,11.00,1.807
1975.92,12.00,1.558
1976.00,1.00,1.407
1976.08,2.00,1.325
1976.17,3.00,1.387
1976.25,4.00,1.427
1976.33,5.00,1.477
1976.42,6.00,1.525
1976.50,7.00,1.758
1976.58,8.00,1.656
1976.67,9.00,1.716
1976.75,10.00,1.627
1976.83,11.00,1.325
1976.92,12.00,1.056
1977.00,1.00,1.076
1977.08,2.00,1.148
1977.17,3.00,1.315
1977.25,4.00,1.197
1977.33,5.00,1.476
1977.42,6.00,1.745
1977.50,7.00,1.366
1977.58,8.00,1.656
1977.67,9.00,1.906
1977.75,10.00,1.725
1977.83,11.00,1.597
1977.92,12.00,1.637
1978.00,1.00,1.407
1978.08,2.00,1.686
1978.17,3.00,1.378
1978.25,4.00,1.687
1978.33,5.00,1.656
1978.42,6.00,1.627
1978.50,7.00,1.686
1978.58,8.00,1.758
1978.67,9.00,1.857
1978.75,10.00,1.817
1978.83,11.00,1.716
1978.92,12.00,1.397
1979.00,1.00,1.686
1979.08,2.00,1.256
1979.17,3.00,1.348
1979.25,4.00,1.515
1979.33,5.00,1.515
1979.42,6.00,1.597
1979.50,7.00,1.707
1979.58,8.00,1.797
1979.67,9.00,1.686
1979.75,10.00,1.706
1979.83,11.00,1.476
1979.92,12.00,1.305
1980.00,1.00,1.317
1980.08,2.00,1.406
1980.17,3.00,1.307
1980.25,4.00,1.507
1980.33,5.00,1.667
1980.42,6.00,1.636
1980.50,7.00,1.687
1980.58,8.00,1.737
1980.67,9.00,1.636
1980.75,10.00,1.627
1980.83,11.00,1.525
1980.92,12.00,1.207
1981.00,1.00,1.056
1981.08,2.00,1.227
1981.17,3.00,1.548
1981.25,4.00,1.256
1981.33,5.00,1.597
1981.42,6.00,1.676
1981.50,7.00,1.716
1981.58,8.00,1.758
1981.67,9.00,1.857
1981.75,10.00,1.607
1981.83,11.00,1.735
1981.92,12.00,1.588
1982.00,1.00,1.276
1982.08,2.00,1.315
1982.17,3.00,1.338
1982.25,4.00,1.227
1982.33,5.00,1.515
1982.42,6.00,1.916
1982.50,7.00,1.716
1982.58,8.00,1.735
1982.67,9.00,1.745
1982.75,10.00,1.945
1982.83,11.00,1.496
1982.92,12.00,1.617
1983.00,1.00,1.535
1983.08,2.00,1.758
1983.17,3.00,1.827
1983.25,4.00,1.827
1983.33,5.00,1.686
1983.42,6.00,1.745
1983.50,7.00,1.896
1983.58,8.00,1.906
1983.67,9.00,1.857
1983.75,10.00,1.925
1983.83,11.00,2.037
1983.92,12.00,1.647
1984.00,1.00,1.456
1984.08,2.00,1.506
1984.17,3.00,1.656
1984.25,4.00,1.955
1984.33,5.00,1.716
1984.42,6.00,1.847
1984.50,7.00,1.788
1984.58,8.00,1.896
1984.67,9.00,1.758
1984.75,10.00,1.896
1984.83,11.00,1.837
1984.92,12.00,1.597
1985.00,1.00,1.558
1985.08,2.00,1.446
1985.17,3.00,1.427
1985.25,4.00,1.535
1985.33,5.00,1.716
1985.42,6.00,1.758
1985.50,7.00,1.758
1985.58,8.00,1.817
1985.67,9.00,1.906
1985.75,10.00,1.778
1985.83,11.00,1.896
1985.92,12.00,1.637
1986.00,1.00,1.296
1986.08,2.00,1.607
1986.17,3.00,1.315
1986.25,4.00,1.827
1986.33,5.00,1.725
1986.42,6.00,1.706
1986.50,7.00,1.916
1986.58,8.00,1.807
1986.67,9.00,1.735
1986.75,10.00,1.857
1986.83,11.00,1.627
1986.92,12.00,1.588
1987.00,1.00,1.758
1987.08,2.00,1.427
1987.17,3.00,1.817
1987.25,4.00,1.758
1987.33,5.00,1.627
1987.42,6.00,1.798
1987.50,7.00,1.886
1987.58,8.00,1.847
1987.67,9.00,1.788
1987.75,10.00,1.686
1987.83,11.00,1.627
1987.92,12.00,1.837
1988.00,1.00,1.348
1988.08,2.00,1.515
1988.17,3.00,1.348
1988.25,4.00,1.866
1988.33,5.00,1.597
1988.42,6.00,1.768
1988.50,7.00,1.656
1988.58,8.00,1.725
1988.67,9.00,1.627
1988.75,10.00,1.706
1988.83,11.00,1.588
1988.92,12.00,1.456
1989.00,1.00,1.387
1989.08,2.00,1.338
1989.17,3.00,1.305
1989.25,4.00,1.397
1989.33,5.00,1.525
1989.42,6.00,1.696
1989.50,7.00,1.706
1989.58,8.00,1.857
1989.67,9.00,1.745
1989.75,10.00,1.725
1989.83,11.00,1.676
1989.92,12.00,1.305
1990.00,1.00,1.305
1990.08,2.00,1.387
1990.17,3.00,1.246
1990.25,4.00,1.368
1990.33,5.00,1.696
1990.42,6.00,1.725
1990.50,7.00,1.716
1990.58,8.00,1.847
1990.67,9.00,1.827
1990.75,10.00,1.788
1990.83,11.00,1.627
1990.92,12.00,1.446
1991.00,1.00,1.535
1991.08,2.00,1.456
1991.17,3.00,1.798
1991.25,4.00,1.548
1991.33,5.00,1.696
1991.42,6.00,1.866
1991.50,7.00,1.857
1991.58,8.00,1.788
1991.67,9.00,1.758
1991.75,10.00,1.876
1991.83,11.00,1.807
1991.92,12.00,1.617
1992.00,1.00,1.666
1992.08,2.00,1.716
1992.17,3.00,1.627
1992.25,4.00,1.627
1992.33,5.00,1.607
1992.42,6.00,1.886
1992.50,7.00,1.916
1992.58,8.00,1.745
1992.67,9.00,1.745
1992.75,10.00,1.758
1992.83,11.00,1.686
1992.92,12.00,1.735
1993.00,1.00,1.525
1993.08,2.00,1.745
1993.17,3.00,1.506
1993.25,4.00,1.925
1993.33,5.00,1.807
1993.42,6.00,1.837
1993.50,7.00,1.916
1993.58,8.00,1.886
1993.67,9.00,1.837
1993.75,10.00,1.735
1993.83,11.00,1.597
1993.92,12.00,1.745
1994.00,1.00,1.184
1994.08,2.00,1.374
1994.17,3.00,1.584
1994.25,4.00,1.387
1994.33,5.00,1.775
1994.42,6.00,1.666
1994.50,7.00,1.748
1994.58,8.00,1.738
1994.67,9.00,1.87
1994.75,10.00,1.814
1994.83,11.00,1.529
1994.92,12.00,1.643
1995.00,1.00,1.499
1995.08,2.00,1.371
1995.17,3.00,1.538
1995.25,4.00,1.496
1995.33,5.00,1.834
1995.42,6.00,1.643
1995.50,7.00,1.798
1995.58,8.00,1.971
1995.67,9.00,1.909
1995.75,10.00,1.889
1995.83,11.00,1.912
1995.92,12.00,1.742
1996.00,1.00,1.798
1996.08,2.00,1.574
1996.17,3.00,1.538
1996.25,4.00,1.857
1996.33,5.00,1.778
1996.42,6.00,1.821
1996.50,7.00,1.929
1996.58,8.00,1.87
1996.67,9.00,2.27
1996.75,10.00,2.145
1996.83,11.00,1.978
1996.92,12.00,2.001
1997.00,1.00,1.748
1997.08,2.00,1.663
1997.17,3.00,1.752
1997.25,4.00,2.109
1997.33,5.00,1.821
1997.42,6.00,1.998
1997.50,7.00,1.857
1997.58,8.00,1.952
1997.67,9.00,1.948
1997.75,10.00,1.985
1997.83,11.00,1.985
1997.92,12.00,1.807
1998.00,1.00,1.922
1998.08,2.00,2.165
1998.17,3.00,1.784
1998.25,4.00,1.994
1998.33,5.00,2.106
1998.42,6.00,2.076
1998.50,7.00,2.063
1998.58,8.00,1.942
1998.67,9.00,2.07
1998.75,10.00,1.843
1998.83,11.00,1.761
1998.92,12.00,1.656
1999.00,1.00,1.515
1999.08,2.00,1.906
1999.17,3.00,1.67
1999.25,4.00,1.86
1999.33,5.00,1.821
1999.42,6.00,1.791
1999.50,7.00,1.965
1999.58,8.00,2.034
1999.67,9.00,1.991
1999.75,10.00,1.85
1999.83,11.00,1.693
1999.92,12.00,1.64
2000.00,1.00,1.437
2000.08,2.00,1.302
2000.17,3.00,1.709
2000.25,4.00,1.758
2000.33,5.00,1.899
2000.42,6.00,1.834
2000.50,7.00,2.014
2000.58,8.00,1.942
2000.67,9.00,1.945
2000.75,10.00,1.827
2000.83,11.00,1.981
2000.92,12.00,1.427
2001.00,1.00,1.679
2001.08,2.00,1.364
2001.17,3.00,1.801
2001.25,4.00,1.693
2001.33,5.00,1.811
2001.42,6.00,1.847
2001.50,7.00,1.952
2001.58,8.00,1.942
2001.67,9.00,2.06
2001.75,10.00,1.906
2001.83,11.00,1.752
2001.92,12.00,1.781
2002.00,1.00,1.515
2002.08,2.00,1.771
2002.17,3.00,1.368
2002.25,4.00,1.571
2002.33,5.00,1.637
2002.42,6.00,1.824
2002.50,7.00,1.899
2002.58,8.00,1.912
2002.67,9.00,2.001
2002.75,10.00,2.017
2002.83,11.00,1.752
2002.92,12.00,1.712
2003.00,1.00,1.548
2003.08,2.00,1.187
2003.17,3.00,1.614
2003.25,4.00,1.716
2003.33,5.00,1.801
2003.42,6.00,1.968
2003.50,7.00,1.948
2003.58,8.00,1.985
2003.67,9.00,2.093
2003.75,10.00,1.939
2003.83,11.00,1.804
2003.92,12.00,1.729
2004.00,1.00,1.515
2004.08,2.00,1.453
2004.17,3.00,1.571
2004.25,4.00,1.617
2004.33,5.00,1.696
2004.42,6.00,1.87
2004.50,7.00,1.912
2004.58,8.00,1.912
2004.67,9.00,1.981
2004.75,10.00,2.237
2004.83,11.00,1.932
2004.92,12.00,1.824
2005.00,1.00,1.824
2005.08,2.00,1.801
2005.17,3.00,1.906
2005.25,4.00,2.063
2005.33,5.00,2.149
2005.42,6.00,2.08
2005.50,7.00,2.093
2005.58,8.00,2.07
2005.67,9.00,2.008
2005.75,10.00,2.132
2005.83,11.00,1.906
2005.92,12.00,1.716
2006.00,1.00,1.801
2006.08,2.00,1.712
2006.17,3.00,1.712
2006.25,4.00,1.791
2006.33,5.00,2.063
2006.42,6.00,2.017
2006.50,7.00,2.014
2006.58,8.00,2.096
2006.67,9.00,2.172
2006.75,10.00,2.132
2006.83,11.00,2.021
2006.92,12.00,1.637
2007.00,1.00,1.62
2007.08,2.00,1.348
2007.17,3.00,1.348
2007.25,4.00,1.893
2007.33,5.00,1.666
2007.42,6.00,2.06
2007.50,7.00,2.001
2007.58,8.00,2.014
2007.67,9.00,1.889
2007.75,10.00,2.053
2007.83,11.00,1.817
2007.92,12.00,1.64
2008.00,1.00,1.643
2008.08,2.00,1.581
2008.17,3.00,1.656
2008.25,4.00,1.752
2008.33,5.00,2.129
2008.42,6.00,2.001
2008.50,7.00,1.968
2008.58,8.00,2.014
2008.67,9.00,2.014
2008.75,10.00,2.093
2008.83,11.00,2.001
2008.92,12.00,1.568
2009.00,1.00,1.578
2009.08,2.00,1.722
2009.17,3.00,1.712
2009.25,4.00,1.817
2009.33,5.00,1.801
2009.42,6.00,2.254
2009.50,7.00,2.224
2009.58,8.00,2.053
2009.67,9.00,2.129
2009.75,10.00,2.28
2009.83,11.00,2.162
2009.92,12.00,1.903
2010.00,1.00,1.945
2010.08,2.00,2.158
2010.17,3.00,2.306
2010.25,4.00,2.119
2010.33,5.00,2.001
2010.42,6.00,2.214
2010.50,7.00,2.119
2010.58,8.00,2.224
2010.67,9.00,2.257
2010.75,10.00,2.208
2010.83,11.00,2.168
2010.92,12.00,2.165
2011.00,1.00,1.853
2011.08,2.00,1.784
2011.17,3.00,1.807
2011.25,4.00,1.929
2011.33,5.00,2.191
2011.42,6.00,2.306
2011.50,7.00,2.273
2011.58,8.00,2.329
2011.67,9.00,2.227
2011.75,10.00,2.286
2011.83,11.00,1.955
2011.92,12.00,1.843
2012.00,1.00,1.719
2012.08,2.00,1.699
2012.17,3.00,1.784
2012.25,4.00,2.047
2012.33,5.00,1.942
2012.42,6.00,2.3
2012.50,7.00,2.175
2012.58,8.00,2.178
2012.67,9.00,2.067
2012.75,10.00,2.286
2012.83,11.00,2.135
2012.92,12.00,2.119
2013.00,1.00,1.65
2013.08,2.00,1.712
2013.17,3.00,2.168
2013.25,4.00,1.778
2013.33,5.00,1.83
2013.42,6.00,2.119
2013.50,7.00,2.195
2013.58,8.00,2.198
2013.67,9.00,2.178
2013.75,10.00,2.211
2013.83,11.00,1.784
2013.92,12.00,1.738
2014.00,1.00,1.679
2014.08,2.00,1.532
2014.17,3.00,1.679
2014.25,4.00,1.903
2014.33,5.00,2.021
2014.42,6.00,2.086
2014.50,7.00,2.086
2014.58,8.00,2.165
2014.67,9.00,2.116
2014.75,10.00,2.326
2014.83,11.00,1.955
2014.92,12.00,1.988
2015.00,1.00,1.548
2015.08,2.00,1.558
2015.17,3.00,1.414
2015.25,4.00,1.683
2015.33,5.00,1.515
2015.42,6.00,1.968
2015.50,7.00,2.204
2015.58,8.00,2.158
2015.67,9.00,2.165
2015.75,10.00,2.172
2015.83,11.00,1.919
2015.92,12.00,1.958
2016.00,1.00,1.968
2016.08,2.00,1.798
2016.17,3.00,1.86
2016.25,4.00,2.001
2016.33,5.00,1.991
2016.42,6.00,2.135
2016.50,7.00,2.155
2016.58,8.00,2.083
2016.67,9.00,2.221
2016.75,10.00,2.195
2016.83,11.00,2.034
2016.92,12.00,1.814
2017.00,1.00,1.857
2017.08,2.00,1.85
2017.17,3.00,1.529
2017.25,4.00,2.057
2017.33,5.00,2.26
2017.42,6.00,2.231
2017.50,7.00,2.273
2017.58,8.00,2.237
2017.67,9.00,2.345
2017.75,10.00,2.24
2017.83,11.00,2.191
2017.92,12.00,1.765
2018.00,1.00,1.571
2018.08,2.00,1.568
2018.17,3.00,2.29
2018.25,4.00,1.962
2018.33,5.00,1.932
2018.42,6.00,2.181
2018.50,7.00,1.998
2018.58,8.00,2.277
2018.67,9.00,2.388
2018.75,10.00,2.293
2018.83,11.00,2.126
2018.92,12.00,2.076
2019.00,1.00,2.008
2019.08,2.00,1.693
2019.17,3.00,1.889
2019.25,4.00,1.991
2019.33,5.00,2.277
2019.42,6.00,2.352
2019.50,7.00,2.388
2019.58,8.00,2.388
2019.67,9.00,2.322
2019.75,10.00,2.5
2019.83,11.00,2.234
2019.92,12.00,2.044
2020.00,1.00,2.004
2020.08,2.00,1.876
2020.17,3.00,2.037
2020.25,4.00,2.263
2020.33,5.00,1.929
2020.42,6.00,2.221
2020.50,7.00,2.336
2020.58,8.00,2.273
2020.67,9.00,2.257
2020.75,10.00,2.175
2020.83,11.00,1.958
2020.92,12.00,2.037
2021.00,1.00,2.149
2021.08,2.00,2.017
2021.17,3.00,1.601
2021.25,4.00,2.06
2021.33,5.00,1.912
2021.42,6.00,2.057
2021.50,7.00,2.254
2021.58,8.00,2.283
2021.67,9.00,2.345
2021.75,10.00,2.582
2021.83,11.00,2.188
2021.92,12.00,1.948
2022.00,1.00,1.962
2022.08,2.00,1.551
2022.17,3.00,1.798
2022.25,4.00,1.955
2022.33,5.00,2.165
2022.42,6.00,2.267
2022.50,7.00,2.204
2022.58,8.00,2.254
2022.67,9.00,2.368
2022.75,10.00,2.329
2022.83,11.00,2.103
2022.92,12.00,2.175
2023.00,1.00,2.178
2023.08,2.00,1.998
2023.17,3.00,2.368
2023.25,4.00,2.211
2023.33,5.00,2.208
2023.42,6.00,2.464
2023.50,7.00,2.457
2023.58,8.00,2.404
2023.67,9.00,2.431
2023.75,10.00,2.631
2023.83,11.00,2.427
2023.92,12.00,2.286
2024.00,1.00,2.382
2024.08,2.00,2.398
2024.17,3.00,2.231
2024.25,4.00,2.464
2024.33,5.00,2.457
2024.42,6.00,2.296
2024.50,7.00,2.296
2024.58,8.00,2.355
2024.67,9.00,2.513
2024.75,10.00,2.368
2024.83,11.00,2.355
2024.92,12.00,1.903
